0,20, 45, 52, 59, 77, 79, 81, 87, 101, 102, 106, 115, 117, 119, 125, 149, 154, 160, 163, 197, 204, 216, 221, 243, 248, 265, 293, 301, 306, 310, 320, 321, 323, 330, 336, 355, 361, 370, 376, 387, 405, 426, 451, 453, 462, 471, 490, 494, 504, 521, 537, 540, 552, 568, 570, 571, 572, 588, 602, 604, 612, 614, 620, 631, 644, 650, 658, 676, 686, 711, 721, 749, 752, 759, 760, 767, 770, 774, 779, 780, 782, 783, 806, 827, 831, 843, 886, 895, 905, 919, 921, 941, 943, 958, 969, 978, 994, 1002, 1017, 1022, 1036, 1041, 1052, 1058, 1064, 1074, 1076, 1089, 1091, 1119, 1122, 1132, 1141, 1142, 1143, 1144, 1150, 1156, 1169, 1171, 1183, 1193, 1208, 1216, 1219, 1227, 1243, 1245, 1253, 1256, 1258, 1281, 1282, 1286, 1297, 1304, 1306, 1309, 1311, 1337, 1339, 1340, 1341, 1350, 1352, 1361, 1378, 1386, 1394, 1395, 1406, 1415, 1416, 1424, 1431, 1437, 1442, 1443, 1448, 1449, 1470, 1475, 1495, 1497, 1502, 1511, 1519, 1520, 1533, 1538, 1588, 1594, 1598, 1599, 1607, 1620, 1633, 1634, 1637, 1646, 1659, 1662, 1665, 1667, 1680, 1703, 1723, 1729, 1731, 1768, 1780, 1781, 1784, 1791, 1794, 1805, 1819, 1829, 1847, 1861, 1864, 1869, 1872, 1874, 1877, 1883, 1893, 1947, 1953, 1954, 1958, 1966, 1990, 1996, 1999, 2032, 2049, 2057, 2071, 2073, 2082, 2090, 2099, 2111, 2115, 2151, 2155, 2160, 2178, 2188, 2191, 2210, 2215, 2217, 2221, 2225, 2257, 2258, 2270, 2282, 2286, 2295, 2306, 2335, 2354, 2373, 2381, 2391, 2393, 2420, 2421, 2423, 2426, 2432, 2438, 2441, 2445, 2447, 2448, 2450, 2482, 2491, 2525, 2550, 2566, 2582, 2584, 2593, 2613, 2614, 2618, 2620, 2626, 2629, 2636, 2649, 2654, 2656, 2682, 2689, 2711, 2721, 2723, 2736, 2740, 2743, 2747, 2749, 2769, 2770, 2788, 2790, 2795, 2810, 2814, 2817, 2826, 2834, 2846, 2880, 2891, 2905, 2918, 2929, 2931, 2947, 2955, 2959, 2963, 2973, 2981, 3014, 3019, 3021, 3032, 3035, 3052, 3056, 3061, 3102, 3116, 3124, 3128, 3160, 3164, 3185, 3197, 3203, 3207, 3231, 3258, 3267, 3270, 3271, 3273, 3288, 3297, 3305, 3310, 3311, 3314, 3325, 3330, 3338, 3346, 3366, 3369, 3372, 3377, 3380, 3381, 3399, 3422, 3423, 3435, 3436, 3440, 3466, 3467, 3478, 3485, 3496, 3497, 3513, 3518, 3543, 3548, 3550, 3558, 3579, 3583, 3586, 3601, 3609, 3616, 3627, 3643, 3648, 3674, 3676, 3683, 3686, 3689, 3707, 3714, 3716, 3728, 3729, 3733, 3744, 3746, 3760, 3761, 3771, 3776, 3788, 3795, 3802, 3805, 3823, 3829, 3842, 3852, 3871, 3881, 3904, 3932, 3949, 3977, 3985, 3986, 4002, 4009, 4011, 4020, 4021, 4051, 4057, 4072, 4096, 4107, 4111, 4114, 4116, 4118, 4120, 4125, 4135, 4148, 4154, 4161, 4164, 4168, 4174, 4196, 4201, 4202, 4208, 4216, 4219, 4224, 4235, 4297, 4304, 4305, 4330, 4334, 4343, 4350, 4352, 4368, 4372, 4396, 4399, 4405, 4407, 4425, 4443, 4445, 4447, 4453, 4466, 4477, 4480, 4488, 4497, 4507, 4556, 4557, 4558, 4567, 4576, 4580, 4589, 4596, 4618, 4619, 4633, 4642, 4643, 4649, 4671, 4712, 4714, 4719, 4731, 4744, 4750, 4779, 4795, 4797, 4798, 4803, 4807, 4809, 4819, 4831, 4853, 4868, 4879, 4882, 4884, 4889, 4905, 4909, 4913, 4921, 4937, 4948, 4961, 4978, 4983, 4984, 4985, 4995, 4998, 4999, 5019, 5032, 5038, 5055, 5069, 5070, 5089, 5092, 5102, 5106, 5108, 5136, 5151, 5163, 5167, 5183, 5206, 5210, 5216, 5222, 5226, 5235, 5241, 5242, 5249, 5254, 5258, 5270, 5286, 5293, 5301, 5303, 5304, 5310, 5322, 5340, 5342, 5343, 5352, 5358, 5376, 5384, 5398, 5405, 5413, 5418, 5431, 5433, 5437, 5451, 5461, 5473, 5475, 5482, 5500, 5526, 5533, 5542, 5551, 5555, 5557, 5559, 5560, 5596, 5605, 5606, 5614, 5616, 5619, 5624, 5627, 5634, 5642, 5659, 5668, 5675, 5676, 5691, 5712, 5714, 5716, 5727, 5729, 5744, 5751, 5770, 5771, 5774, 5789, 5794, 5809, 5810, 5834, 5835, 5847, 5869, 5876, 5877, 5886, 5898, 5900, 5911, 5912, 5913, 5932, 5933, 5941, 5944, 5948, 5950, 5951, 5958, 5962, 5973, 5979, 5982, 5984, 5990, 5994, 5998, 6018, 6021, 6056, 6071, 6076, 6080, 6083, 6093, 6107, 6113, 6119, 6126, 6135, 6148, 6155, 6156, 6157, 6166, 6180, 6212, 6213, 6217, 6228, 6233, 6236, 6257, 6265, 6306, 6327, 6335, 6350, 6365, 6372, 6388, 6394, 6398, 6402, 6417, 6418, 6429, 6436, 6452, 6459, 6466, 6480, 6487, 6507, 6522, 6524, 6530, 6531, 6541, 6544, 6545, 6557, 6566, 6581, 6593, 6597, 6598, 6603, 6607, 6608, 6609, 6617, 6629, 6662, 6669, 6685, 6696, 6698, 6720, 6721, 6729, 6736, 6744, 6760, 6779, 6785, 6805, 6832, 6854, 6863, 6866, 6883, 6932, 6939, 6944, 6962, 6995, 7013, 7014, 7031, 7039, 7040, 7061, 7074, 7094, 7101, 7105, 7122, 7127, 7138, 7152, 7153, 7164, 7186, 7191, 7198, 7212, 7232, 7255, 7263, 7283, 7291, 7297, 7300, 7307, 7316, 7322, 7328, 7332, 7337, 7338, 7341, 7342, 7352, 7356, 7357, 7360, 7368, 7378, 7381, 7382, 7393, 7406, 7410, 7413, 7417, 7425, 7433, 7443, 7444, 7447, 7451, 7476, 7485, 7496, 7517, 7529, 7535, 7538, 7541, 7546, 7566, 7582, 7589, 7620, 7627, 7628, 7641, 7656, 7668, 7671, 7692, 7693, 7695, 7700, 7715, 7721, 7733, 7738, 7745, 7746, 7757, 7789, 7813, 7832, 7845, 7852, 7860, 7868, 7870, 7905, 7913, 7935, 7942, 7948, 7967, 7970, 8001, 8018, 8020, 8021, 8022, 8023, 8026, 8040, 8060, 8063, 8069, 8089, 8093, 8107, 8116, 8130, 8134, 8140, 8141, 8172, 8173, 8179, 8182, 8188, 8189, 8196, 8199, 8228, 8234, 8237, 8252, 8254, 8260, 8269, 8281, 8283, 8285, 8289, 8304, 8317, 8321, 8323, 8326, 8337, 8340, 8345, 8363, 8366, 8367, 8373, 8375, 8384, 8405, 8410, 8429, 8434, 8438, 8439, 8467, 8471, 8472, 8486, 8488, 8489, 8511, 8540, 8541, 8546, 8559, 8568, 8570, 8576, 8598, 8599, 8607, 8608, 8614, 8615, 8626, 8639, 8659, 8664, 8673, 8683, 8691, 8692, 8717, 8728, 8729, 8737, 8769, 8770, 8791, 8793, 8798, 8806, 8819, 8834, 8837, 8840, 8865, 8867, 8893, 8904, 8905, 8907, 8919, 8921, 8927, 8929, 8932, 8942, 8952, 8960, 8980, 9000, 9014, 9027, 9050, 9064, 9066, 9076, 9088, 9103, 9110, 9139, 9140, 9141, 9161, 9169, 9194, 9198, 9204, 9213, 9235, 9241, 9242, 9243, 9252, 9271, 9279, 9297, 9301, 9308, 9316, 9328, 9331, 9342, 9373, 9385, 9394, 9413, 9414, 9426, 9427, 9435, 9438, 9455, 9456, 9457, 9467, 9469, 9487, 9509, 9512, 9513, 9514, 9527, 9534, 9543, 9550, 9555, 9562, 9574, 9582, 9583, 9584, 9592, 9596, 9601, 9638, 9642, 9650, 9667, 9673, 9675, 9676, 9682, 9717, 9754, 9760, 9770, 9781, 9792, 9793, 9797, 9799, 9801, 9824, 9825, 9826, 9833, 9837, 9843, 9851, 9870, 9883, 9897, 9900, 9904, 9905, 9924, 9931, 9945, 9952, 9954, 9956, 9966, 9971, 9976, 9978, 9999, 10000, 10002, 10007, 10016, 10029, 10035, 10037, 10082, 10097, 10099, 10104, 10109, 10114, 10116, 10131, 10137, 10149, 10171, 10174, 10178, 10190, 10216, 10220, 10225, 10229, 10250, 10257, 10259, 10281
1,3, 8, 9, 39, 45, 55, 57, 60, 64, 75, 76, 77, 80, 97, 99, 104, 106, 115, 117, 120, 125, 135, 136, 143, 148, 159, 162, 164, 165, 171, 177, 178, 180, 181, 187, 192, 194, 216, 218, 226, 232, 250, 252, 260, 262, 268, 272, 275, 281, 287, 294, 302, 304, 307, 315, 320, 325, 331, 335, 340, 341, 346, 349, 354, 360, 361, 362, 368, 381, 395, 401, 402, 409, 414, 423, 426, 430, 436, 438, 439, 440, 448, 449, 450, 453, 461, 462, 473, 490, 494, 498, 499, 502, 508, 518, 519, 526, 531, 545, 546, 552, 554, 564, 566, 567, 569, 576, 581, 588, 599, 604, 612, 615, 624, 627, 631, 636, 642, 644, 645, 646, 657, 661, 662, 676, 686, 689, 709, 723, 731, 734, 739, 742, 749, 751, 753, 757, 759, 760, 767, 774, 782, 785, 788, 790, 791, 794, 801, 810, 815, 817, 818, 819, 834, 837, 843, 850, 854, 857, 858, 865, 872, 874, 880, 891, 893, 895, 896, 898, 901, 904, 909, 911, 913, 915, 923, 928, 934, 939, 954, 959, 964, 965, 969, 985, 989, 997, 1004, 1005, 1007, 1013, 1014, 1020, 1022, 1024, 1026, 1031, 1034, 1041, 1043, 1049, 1050, 1052, 1056, 1058, 1059, 1072, 1074, 1082, 1090, 1093, 1097, 1103, 1113, 1115, 1116, 1119, 1124, 1133, 1136, 1140, 1144, 1150, 1151, 1156, 1157, 1162, 1163, 1168, 1172, 1173, 1180, 1188, 1193, 1208, 1209, 1213, 1214, 1219, 1236, 1240, 1244, 1245, 1249, 1252, 1253, 1255, 1256, 1258, 1260, 1263, 1264, 1268, 1270, 1279, 1282, 1289, 1291, 1295, 1301, 1309, 1311, 1312, 1322, 1330, 1331, 1339, 1340, 1344, 1345, 1347, 1355, 1358, 1361, 1367, 1368, 1370, 1381, 1384, 1389, 1395, 1400, 1404, 1415, 1416, 1419, 1420, 1422, 1423, 1425, 1427, 1428, 1431, 1434, 1438, 1439, 1440, 1443, 1446, 1448, 1449, 1466, 1489, 1491, 1499, 1504, 1514, 1519, 1524, 1529, 1533, 1538, 1547, 1548, 1550, 1559, 1563, 1566, 1571, 1572, 1574, 1577, 1586, 1587, 1594, 1595, 1597, 1598, 1605, 1606, 1623, 1626, 1633, 1634, 1637, 1638, 1642, 1644, 1646, 1649, 1650, 1655, 1658, 1660, 1663, 1666, 1677, 1680, 1693, 1696, 1703, 1712, 1716, 1717, 1718, 1737, 1741, 1744, 1754, 1763, 1766, 1781, 1785, 1787, 1788, 1792, 1798, 1799, 1802, 1806, 1807, 1811, 1812, 1819, 1820, 1821, 1822, 1825, 1829, 1832, 1836, 1843, 1844, 1845, 1848, 1849, 1865, 1868, 1869, 1871, 1874, 1877, 1881, 1882, 1883, 1893, 1894, 1898, 1900, 1906, 1912, 1916, 1917, 1918, 1928, 1930, 1936, 1939, 1940, 1941, 1952, 1954, 1956, 1958, 1959, 1962, 1963, 1970, 1973, 1975, 1976, 1979, 1983, 1991, 1995, 2011, 2012, 2022, 2023, 2024, 2030, 2032, 2034, 2044, 2052, 2053, 2060, 2065, 2071, 2076, 2086, 2090, 2094, 2106, 2111, 2112, 2118, 2121, 2123, 2127, 2130, 2135, 2150, 2153, 2161, 2166, 2169, 2173, 2176, 2181, 2194, 2195, 2199, 2200, 2203, 2204, 2206, 2217, 2218, 2220, 2221, 2222, 2225, 2232, 2258, 2261, 2263, 2272, 2275, 2299, 2302, 2305, 2309, 2310, 2329, 2330, 2331, 2341, 2352, 2353, 2354, 2355, 2366, 2371, 2373, 2381, 2382, 2397, 2400, 2411, 2422, 2431, 2435, 2436, 2445, 2446, 2448, 2450, 2451, 2457, 2458, 2459, 2468, 2469, 2475, 2481, 2482, 2486, 2489, 2491, 2493, 2496, 2521, 2524, 2525, 2528, 2539, 2545, 2549, 2557, 2559, 2564, 2566, 2569, 2575, 2586, 2589, 2594, 2599, 2605, 2613, 2614, 2615, 2616, 2617, 2619, 2620, 2625, 2626, 2629, 2631, 2634, 2636, 2638, 2641, 2645, 2649, 2665, 2677, 2679, 2682, 2685, 2689, 2690, 2693, 2697, 2701, 2705, 2708, 2711, 2716, 2718, 2725, 2732, 2740, 2752, 2756, 2760, 2762, 2764, 2771, 2773, 2777, 2779, 2781, 2782, 2795, 2796, 2802, 2815, 2817, 2820, 2822, 2826, 2828, 2833, 2834, 2851, 2858, 2862, 2863, 2866, 2885, 2886, 2890, 2891, 2900, 2911, 2918, 2919, 2921, 2939, 2942, 2945, 2946, 2954, 2956, 2957, 2959, 2964, 2970, 2973, 2981, 2987, 2988, 3006, 3010, 3014, 3015, 3021, 3034, 3039, 3046, 3048, 3056, 3064, 3066, 3085, 3086, 3087, 3101, 3107, 3108, 3109, 3113, 3134, 3152, 3153, 3164, 3174, 3177, 3178, 3179, 3186, 3192, 3196, 3198, 3206, 3209, 3231, 3239, 3240, 3242, 3245, 3253, 3256, 3257, 3258, 3268, 3273, 3277, 3291, 3293, 3297, 3302, 3311, 3314, 3321, 3322, 3324, 3330, 3354, 3358, 3360, 3363, 3366, 3369, 3370, 3371, 3386, 3388, 3390, 3395, 3397, 3408, 3412, 3418, 3422, 3423, 3426, 3428, 3436, 3439, 3440, 3442, 3445, 3446, 3448, 3449, 3452, 3457, 3466, 3469, 3473, 3485, 3486, 3487, 3491, 3497, 3500, 3505, 3518, 3524, 3525, 3531, 3539, 3547, 3548, 3553, 3554, 3574, 3579, 3580, 3585, 3589, 3592, 3596, 3598, 3599, 3600, 3602, 3609, 3615, 3616, 3627, 3629, 3644, 3647, 3648, 3653, 3654, 3655, 3661, 3669, 3676, 3680, 3686, 3689, 3692, 3701, 3702, 3716, 3725, 3728, 3729, 3733, 3738, 3740, 3744, 3749, 3753, 3755, 3759, 3760, 3768, 3773, 3778, 3788, 3796, 3797, 3802, 3806, 3807, 3808, 3817, 3819, 3823, 3829, 3841, 3842, 3845, 3846, 3857, 3859, 3860, 3870, 3872, 3875, 3878, 3881, 3888, 3906, 3917, 3919, 3922, 3928, 3931, 3932, 3937, 3939, 3942, 3944, 3951, 3953, 3957, 3969, 3974, 3976, 3980, 3981, 3985, 4003, 4015, 4020, 4025, 4028, 4030, 4032, 4040, 4045, 4046, 4049, 4052, 4056, 4057, 4058, 4065, 4066, 4070, 4073, 4074, 4078, 4086, 4096, 4099, 4107, 4109, 4110, 4115, 4116, 4119, 4127, 4128, 4130, 4135, 4137, 4150, 4154, 4161, 4165, 4186, 4188, 4190, 4198, 4202, 4204, 4208, 4219, 4221, 4226, 4230, 4234, 4239, 4243, 4244, 4247, 4251, 4261, 4277, 4283, 4300, 4301, 4304, 4317, 4320, 4325, 4334, 4342, 4343, 4349, 4355, 4356, 4361, 4374, 4376, 4377, 4385, 4401, 4406, 4417, 4419, 4429, 4433, 4437, 4444, 4454, 4455, 4460, 4464, 4466, 4474, 4477, 4480, 4483, 4486, 4492, 4495, 4499, 4501, 4508, 4516, 4528, 4536, 4540, 4541, 4547, 4552, 4555, 4556, 4557, 4558, 4564, 4571, 4579, 4583, 4584, 4588, 4594, 4598, 4601, 4605, 4610, 4614, 4620, 4643, 4653, 4657, 4659, 4666, 4669, 4678, 4691, 4703, 4722, 4726, 4731, 4736, 4744, 4748, 4750, 4754, 4762, 4779, 4780, 4782, 4783, 4784, 4796, 4804, 4813, 4824, 4828, 4834, 4838, 4846, 4853, 4873, 4877, 4878, 4879, 4888, 4889, 4890, 4892, 4905, 4910, 4916, 4921, 4929, 4936, 4937, 4941, 4958, 4959, 4961, 4964, 4968, 4973, 4977, 4995, 4998, 4999, 5001, 5002, 5008, 5014, 5020, 5025, 5036, 5038, 5044, 5050, 5053, 5054, 5055, 5065, 5067, 5070, 5071, 5083, 5089, 5092, 5095, 5099, 5102, 5108, 5113, 5123, 5126, 5127, 5134, 5143, 5147, 5151, 5159, 5163, 5165, 5169, 5179, 5183, 5193, 5204, 5206, 5207, 5208, 5221, 5222, 5223, 5226, 5231, 5234, 5235, 5238, 5247, 5253, 5254, 5258, 5265, 5273, 5281, 5290, 5294, 5295, 5296, 5303, 5306, 5310, 5312, 5320, 5322, 5324, 5337, 5339, 5341, 5342, 5343, 5347, 5353, 5363, 5368, 5372, 5374, 5384, 5385, 5391, 5401, 5405, 5412, 5414, 5418, 5419, 5422, 5428, 5441, 5444, 5457, 5461, 5462, 5465, 5475, 5478, 5486, 5490, 5493, 5496, 5499, 5500, 5501, 5503, 5507, 5509, 5512, 5513, 5524, 5528, 5536, 5539, 5541, 5551, 5559, 5560, 5566, 5568, 5570, 5573, 5576, 5589, 5592, 5598, 5605, 5608, 5615, 5617, 5634, 5640, 5643, 5644, 5647, 5652, 5654, 5663, 5675, 5677, 5683, 5686, 5690, 5691, 5707, 5712, 5721, 5723, 5726, 5727, 5729, 5746, 5747, 5753, 5765, 5766, 5767, 5773, 5784, 5786, 5788, 5789, 5790, 5794, 5810, 5827, 5829, 5834, 5835, 5836, 5852, 5854, 5858, 5876, 5877, 5886, 5887, 5895, 5898, 5902, 5905, 5909, 5910, 5912, 5924, 5933, 5941, 5952, 5954, 5957, 5958, 5959, 5970, 5971, 5974, 5979, 5981, 5984, 5985, 5986, 5988, 5991, 5992, 5999, 6001, 6004, 6008, 6010, 6013, 6015, 6017, 6018, 6021, 6027, 6034, 6036, 6039, 6041, 6042, 6047, 6048, 6056, 6063, 6065, 6068, 6078, 6080, 6089, 6093, 6095, 6096, 6100, 6107, 6111, 6118, 6120, 6124, 6127, 6130, 6132, 6134, 6138, 6149, 6153, 6155, 6157, 6165, 6168, 6169, 6174, 6175, 6182, 6192, 6194, 6201, 6204, 6207, 6209, 6210, 6212, 6213, 6221, 6222, 6229, 6230, 6251, 6252, 6254, 6259, 6262, 6272, 6279, 6284, 6287, 6289, 6291, 6296, 6302, 6304, 6311, 6327, 6329, 6335, 6341, 6342, 6346, 6347, 6352, 6359, 6362, 6366, 6367, 6370, 6382, 6387, 6393, 6394, 6398, 6399, 6412, 6418, 6428, 6430, 6439, 6440, 6446, 6448, 6460, 6464, 6471, 6477, 6479, 6487, 6496, 6508, 6517, 6523, 6527, 6533, 6537, 6542, 6551, 6554, 6555, 6556, 6564, 6575, 6576, 6581, 6582, 6584, 6585, 6587, 6600, 6603, 6609, 6617, 6648, 6651, 6665, 6666, 6669, 6677, 6686, 6691, 6699, 6708, 6713, 6714, 6717, 6729, 6730, 6732, 6738, 6744, 6745, 6746, 6756, 6761, 6762, 6770, 6782, 6785, 6787, 6789, 6792, 6799, 6812, 6814, 6829, 6830, 6831, 6845, 6855, 6861, 6877, 6880, 6881, 6882, 6887, 6890, 6894, 6897, 6906, 6909, 6915, 6923, 6924, 6931, 6933, 6936, 6937, 6947, 6951, 6957, 6958, 6964, 6968, 6970, 6982, 6995, 6997, 7001, 7014, 7017, 7031, 7035, 7036, 7040, 7056, 7059, 7061, 7063, 7065, 7075, 7087, 7100, 7104, 7105, 7107, 7109, 7112, 7117, 7120, 7122, 7125, 7132, 7139, 7140, 7144, 7146, 7154, 7158, 7166, 7169, 7171, 7176, 7179, 7181, 7182, 7190, 7191, 7199, 7203, 7204, 7206, 7209, 7210, 7212, 7220, 7231, 7232, 7234, 7245, 7255, 7262, 7265, 7274, 7279, 7292, 7299, 7300, 7301, 7308, 7322, 7329, 7331, 7334, 7337, 7341, 7357, 7362, 7363, 7364, 7365, 7366, 7367, 7370, 7377, 7379, 7384, 7391, 7396, 7403, 7410, 7411, 7412, 7413, 7416, 7417, 7418, 7425, 7437, 7455, 7457, 7465, 7472, 7480, 7482, 7484, 7485, 7486, 7488, 7490, 7496, 7508, 7511, 7512, 7517, 7519, 7521, 7522, 7531, 7535, 7538, 7539, 7541, 7550, 7555, 7556, 7559, 7576, 7584, 7586, 7593, 7595, 7598, 7600, 7601, 7602, 7610, 7612, 7618, 7621, 7622, 7625, 7628, 7633, 7637, 7638, 7642, 7649, 7650, 7655, 7656, 7662, 7666, 7667, 7671, 7676, 7677, 7685, 7689, 7690, 7692, 7696, 7702, 7703, 7718, 7720, 7723, 7726, 7744, 7746, 7750, 7758, 7763, 7764, 7765, 7767, 7769, 7779, 7780, 7788, 7789, 7796, 7801, 7816, 7820, 7825, 7831, 7839, 7841, 7850, 7851, 7852, 7861, 7863, 7866, 7872, 7882, 7905, 7906, 7909, 7920, 7923, 7924, 7929, 7939, 7945, 7953, 7967, 7969, 7970, 7975, 7977, 7988, 7989, 7990, 8001, 8002, 8004, 8014, 8018, 8022, 8024, 8033, 8034, 8039, 8048, 8056, 8059, 8060, 8072, 8077, 8084, 8087, 8089, 8091, 8093, 8104, 8105, 8108, 8113, 8115, 8117, 8118, 8121, 8125, 8127, 8137, 8141, 8146, 8151, 8164, 8166, 8173, 8180, 8182, 8183, 8188, 8189, 8199, 8202, 8211, 8212, 8219, 8226, 8229, 8231, 8234, 8235, 8237, 8238, 8240, 8241, 8243, 8245, 8247, 8254, 8259, 8269, 8279, 8281, 8283, 8287, 8294, 8296, 8300, 8308, 8310, 8321, 8322, 8333, 8336, 8338, 8340, 8341, 8351, 8355, 8359, 8363, 8367, 8369, 8375, 8376, 8387, 8388, 8389, 8391, 8400, 8403, 8404, 8415, 8419, 8425, 8427, 8452, 8456, 8457, 8458, 8466, 8467, 8469, 8481, 8482, 8485, 8487, 8489, 8493, 8495, 8510, 8511, 8528, 8531, 8534, 8540, 8541, 8544, 8545, 8550, 8556, 8575, 8576, 8594, 8596, 8619, 8621, 8639, 8658, 8659, 8663, 8664, 8665, 8667, 8669, 8670, 8673, 8674, 8675, 8679, 8698, 8706, 8711, 8712, 8715, 8723, 8725, 8731, 8737, 8757, 8761, 8771, 8773, 8777, 8784, 8797, 8799, 8809, 8810, 8811, 8813, 8815, 8817, 8840, 8843, 8844, 8850, 8854, 8856, 8862, 8865, 8870, 8882, 8887, 8893, 8894, 8895, 8897, 8900, 8911, 8914, 8915, 8925, 8926, 8927, 8929, 8934, 8937, 8941, 8954, 8958, 8964, 8966, 8973, 8976, 8989, 8993, 8994, 8995, 8997, 9001, 9004, 9005, 9006, 9009, 9010, 9014, 9021, 9022, 9026, 9029, 9032, 9038, 9039, 9040, 9042, 9045, 9049, 9058, 9062, 9063, 9065, 9074, 9076, 9087, 9090, 9091, 9093, 9097, 9103, 9108, 9110, 9112, 9114, 9116, 9119, 9125, 9127, 9129, 9133, 9137, 9141, 9143, 9144, 9149, 9152, 9159, 9160, 9175, 9176, 9178, 9182, 9184, 9193, 9197, 9204, 9206, 9209, 9210, 9216, 9220, 9224, 9225, 9226, 9235, 9241, 9244, 9251, 9252, 9253, 9256, 9266, 9271, 9279, 9280, 9281, 9286, 9299, 9304, 9307, 9308, 9310, 9311, 9314, 9316, 9317, 9321, 9324, 9328, 9338, 9345, 9348, 9359, 9366, 9368, 9370, 9374, 9379, 9383, 9394, 9395, 9396, 9402, 9417, 9432, 9439, 9446, 9448, 9452, 9455, 9464, 9470, 9476, 9480, 9487, 9491, 9494, 9495, 9498, 9501, 9504, 9510, 9512, 9522, 9525, 9532, 9554, 9557, 9558, 9559, 9561, 9562, 9571, 9574, 9588, 9596, 9601, 9606, 9608, 9609, 9620, 9621, 9622, 9623, 9628, 9639, 9649, 9660, 9662, 9667, 9669, 9671, 9692, 9696, 9701, 9706, 9715, 9725, 9737, 9744, 9745, 9746, 9747, 9771, 9773, 9777, 9781, 9790, 9792, 9793, 9796, 9799, 9808, 9812, 9822, 9837, 9843, 9845, 9848, 9871, 9877, 9881, 9884, 9905, 9906, 9910, 9918, 9920, 9928, 9929, 9930, 9942, 9951, 9966, 9967, 9973, 9976, 9978, 9984, 9992, 10000, 10001, 10008, 10015, 10016, 10024, 10025, 10026, 10032, 10035, 10036, 10043, 10047, 10050, 10053, 10061, 10064, 10068, 10071, 10072, 10091, 10097, 10103, 10104, 10109, 10113, 10131, 10149, 10154, 10160, 10167, 10172, 10174, 10184, 10189, 10190, 10192, 10209, 10210, 10216, 10223, 10232, 10233, 10238, 10244, 10253, 10257, 10271, 10273, 10274, 10280, 10281
2,26, 55, 83, 128, 162, 190, 211, 232, 242, 293, 298, 321, 325, 341, 346, 449, 566, 647, 649, 723, 767, 794, 819, 831, 865, 868, 878, 921, 924, 928, 934, 943, 1004, 1013, 1056, 1095, 1109, 1142, 1219, 1378, 1427, 1519, 1578, 1642, 1669, 1740, 1744, 1758, 1820, 1822, 1983, 2094, 2150, 2194, 2195, 2204, 2273, 2302, 2330, 2468, 2619, 2634, 2682, 2790, 2798, 2856, 2918, 2921, 2931, 3061, 3109, 3197, 3370, 3372, 3397, 3399, 3418, 3419, 3524, 3533, 3539, 3566, 3585, 3602, 3608, 3692, 3706, 3806, 3819, 3870, 3969, 4130, 4137, 4153, 4166, 4231, 4271, 4297, 4334, 4417, 4492, 4608, 4632, 4670, 4691, 4712, 4834, 4838, 4916, 5050, 5054, 5067, 5092, 5135, 5169, 5221, 5295, 5304, 5486, 5589, 5617, 5654, 5673, 5707, 5734, 5790, 5882, 5981, 5991, 6078, 6089, 6192, 6284, 6329, 6341, 6346, 6444, 6677, 6726, 6870, 6997, 7001, 7121, 7125, 7199, 7281, 7508, 7520, 7666, 7720, 7733, 7924, 7989, 7994, 8016, 8059, 8087, 8115, 8188, 8243, 8315, 8400, 8438, 8485, 8510, 8530, 8544, 8594, 8663, 8688, 8710, 8760, 8799, 8811, 8909, 8926, 8958, 8993, 9101, 9123, 9175, 9197, 9200, 9223, 9263, 9304, 9310, 9432, 9435, 9491, 9495, 9525, 9592, 9639, 9662, 9745, 9808, 9897, 9952, 9956, 9976, 9990, 10061, 10189
3,45, 60, 87, 162, 208, 265, 286, 298, 305, 341, 400, 405, 430, 435, 471, 474, 491, 537, 540, 597, 767, 770, 779, 847, 896, 943, 1050, 1053, 1059, 1085, 1119, 1163, 1265, 1279, 1306, 1309, 1328, 1371, 1394, 1415, 1425, 1491, 1497, 1578, 1583, 1590, 1641, 1663, 1675, 1681, 1690, 1723, 1731, 1740, 1800, 1835, 1850, 1863, 1971, 2057, 2094, 2114, 2123, 2130, 2181, 2201, 2203, 2224, 2254, 2335, 2371, 2421, 2434, 2438, 2467, 2496, 2524, 2542, 2549, 2589, 2613, 2631, 2697, 2698, 2703, 2709, 2735, 2771, 2806, 2846, 2852, 2911, 2918, 3056, 3075, 3113, 3149, 3207, 3231, 3280, 3305, 3346, 3390, 3391, 3437, 3443, 3476, 3491, 3496, 3544, 3656, 3692, 3742, 3747, 3756, 3761, 3788, 3838, 3852, 3857, 4011, 4021, 4049, 4066, 4099, 4111, 4120, 4166, 4187, 4243, 4284, 4297, 4330, 4352, 4405, 4483, 4575, 4606, 4618, 4641, 4651, 4654, 4670, 4671, 4727, 4868, 4914, 4956, 4959, 4979, 5038, 5050, 5092, 5099, 5172, 5223, 5254, 5301, 5349, 5358, 5385, 5428, 5454, 5475, 5580, 5594, 5604, 5627, 5633, 5700, 5739, 5835, 5877, 5900, 6068, 6069, 6079, 6111, 6120, 6126, 6138, 6151, 6153, 6162, 6180, 6187, 6227, 6228, 6240, 6242, 6327, 6345, 6365, 6370, 6388, 6394, 6466, 6493, 6559, 6592, 6608, 6669, 6702, 6782, 6863, 6866, 6883, 6924, 6962, 6975, 7056, 7060, 7107, 7146, 7152, 7157, 7158, 7171, 7306, 7315, 7332, 7377, 7381, 7393, 7413, 7517, 7646, 7695, 7696, 7711, 7713, 7719, 7723, 7782, 7868, 7874, 7935, 7970, 8022, 8056, 8104, 8191, 8196, 8219, 8221, 8367, 8462, 8486, 8548, 8570, 8599, 8625, 8710, 8728, 8837, 8854, 8856, 8857, 8911, 8915, 8930, 8942, 9014, 9074, 9102, 9134, 9157, 9191, 9197, 9242, 9252, 9263, 9270, 9352, 9376, 9385, 9398, 9457, 9480, 9488, 9510, 9514, 9524, 9555, 9564, 9625, 9638, 9644, 9678, 9726, 9743, 9778, 9781, 9788, 9820, 9843, 9906, 9945, 9976, 10015, 10099, 10131, 10184, 10259
4,8, 20, 38, 39, 42, 45, 52, 57, 76, 79, 87, 101, 104, 115, 119, 135, 140, 157, 158, 163, 165, 181, 188, 204, 208, 210, 221, 224, 237, 242, 248, 250, 258, 271, 274, 287, 293, 321, 330, 335, 336, 337, 355, 361, 376, 400, 405, 422, 435, 443, 449, 453, 465, 467, 468, 472, 474, 484, 504, 505, 510, 519, 534, 537, 538, 540, 545, 588, 591, 602, 620, 636, 642, 645, 650, 652, 661, 663, 676, 679, 698, 732, 741, 750, 767, 783, 787, 791, 796, 808, 826, 830, 852, 863, 885, 891, 905, 906, 911, 930, 964, 975, 978, 993, 1002, 1023, 1026, 1032, 1036, 1052, 1059, 1062, 1064, 1073, 1076, 1079, 1089, 1091, 1094, 1097, 1107, 1113, 1122, 1124, 1135, 1136, 1142, 1150, 1177, 1181, 1197, 1208, 1212, 1213, 1216, 1217, 1222, 1232, 1234, 1243, 1252, 1259, 1274, 1281, 1282, 1298, 1301, 1328, 1339, 1353, 1360, 1361, 1367, 1392, 1394, 1395, 1407, 1419, 1424, 1431, 1432, 1437, 1443, 1449, 1469, 1471, 1473, 1475, 1481, 1485, 1495, 1497, 1508, 1511, 1524, 1526, 1533, 1551, 1577, 1582, 1588, 1590, 1599, 1607, 1614, 1646, 1682, 1690, 1712, 1718, 1721, 1723, 1759, 1784, 1826, 1833, 1834, 1861, 1865, 1872, 1887, 1890, 1892, 1893, 1896, 1906, 1917, 1921, 1928, 1940, 1942, 1959, 2001, 2042, 2049, 2071, 2079, 2084, 2114, 2121, 2127, 2143, 2151, 2156, 2161, 2182, 2188, 2191, 2210, 2278, 2282, 2295, 2311, 2323, 2349, 2355, 2397, 2406, 2415, 2434, 2436, 2441, 2450, 2459, 2486, 2487, 2488, 2496, 2501, 2502, 2504, 2524, 2570, 2582, 2584, 2606, 2613, 2620, 2631, 2633, 2641, 2643, 2649, 2656, 2678, 2689, 2690, 2697, 2709, 2711, 2721, 2723, 2730, 2743, 2749, 2756, 2760, 2770, 2777, 2832, 2833, 2834, 2837, 2838, 2844, 2858, 2871, 2875, 2880, 2891, 2916, 2918, 2924, 2955, 2966, 2974, 2976, 2986, 2987, 2993, 3021, 3052, 3066, 3080, 3101, 3113, 3115, 3125, 3130, 3134, 3135, 3151, 3153, 3162, 3164, 3191, 3196, 3197, 3202, 3203, 3205, 3207, 3212, 3231, 3239, 3258, 3273, 3288, 3295, 3310, 3311, 3328, 3330, 3338, 3342, 3346, 3363, 3366, 3408, 3420, 3422, 3426, 3442, 3443, 3450, 3473, 3478, 3485, 3491, 3496, 3497, 3518, 3527, 3530, 3539, 3558, 3560, 3567, 3598, 3609, 3613, 3616, 3624, 3643, 3667, 3669, 3671, 3673, 3674, 3675, 3682, 3685, 3686, 3689, 3706, 3716, 3740, 3742, 3746, 3756, 3759, 3760, 3761, 3773, 3776, 3777, 3787, 3788, 3795, 3797, 3802, 3805, 3819, 3829, 3844, 3857, 3878, 3889, 3901, 3911, 3923, 3928, 3941, 3994, 3996, 4003, 4009, 4011, 4020, 4029, 4030, 4040, 4043, 4054, 4056, 4058, 4072, 4078, 4099, 4105, 4109, 4125, 4126, 4128, 4130, 4148, 4193, 4201, 4204, 4218, 4224, 4231, 4243, 4247, 4263, 4271, 4273, 4277, 4279, 4319, 4334, 4342, 4350, 4362, 4368, 4375, 4384, 4396, 4410, 4423, 4425, 4443, 4468, 4477, 4499, 4501, 4510, 4545, 4557, 4558, 4567, 4575, 4580, 4589, 4595, 4606, 4618, 4628, 4633, 4642, 4657, 4664, 4667, 4682, 4693, 4731, 4742, 4744, 4748, 4753, 4754, 4755, 4778, 4796, 4797, 4798, 4804, 4807, 4809, 4810, 4831, 4836, 4847, 4858, 4861, 4873, 4881, 4888, 4905, 4913, 4921, 4928, 4936, 4958, 4959, 4961, 4972, 4989, 4995, 5000, 5010, 5038, 5054, 5069, 5070, 5088, 5092, 5095, 5106, 5123, 5163, 5167, 5171, 5172, 5180, 5203, 5219, 5230, 5241, 5250, 5253, 5258, 5270, 5295, 5297, 5301, 5310, 5320, 5322, 5324, 5337, 5346, 5349, 5358, 5372, 5376, 5387, 5396, 5401, 5405, 5419, 5464, 5475, 5482, 5530, 5533, 5541, 5555, 5557, 5565, 5566, 5589, 5594, 5604, 5606, 5613, 5615, 5619, 5627, 5644, 5645, 5647, 5655, 5659, 5668, 5672, 5676, 5686, 5691, 5694, 5707, 5733, 5735, 5739, 5740, 5742, 5746, 5754, 5767, 5770, 5786, 5789, 5813, 5820, 5827, 5835, 5836, 5839, 5846, 5871, 5872, 5878, 5886, 5889, 5900, 5938, 5948, 5950, 5951, 5954, 5956, 5962, 5968, 5971, 5973, 5990, 5992, 5998, 6029, 6034, 6035, 6042, 6065, 6080, 6083, 6093, 6099, 6101, 6104, 6105, 6113, 6119, 6124, 6132, 6135, 6148, 6157, 6159, 6163, 6166, 6194, 6202, 6211, 6237, 6240, 6242, 6247, 6260, 6263, 6271, 6272, 6313, 6317, 6339, 6352, 6354, 6365, 6366, 6376, 6387, 6388, 6393, 6412, 6417, 6424, 6427, 6433, 6462, 6493, 6499, 6516, 6522, 6530, 6531, 6545, 6571, 6574, 6575, 6582, 6587, 6589, 6592, 6597, 6598, 6607, 6618, 6636, 6640, 6651, 6662, 6687, 6708, 6711, 6717, 6721, 6730, 6732, 6745, 6757, 6760, 6779, 6805, 6812, 6816, 6821, 6832, 6841, 6851, 6854, 6863, 6881, 6883, 6899, 6905, 6921, 6923, 6924, 6932, 6938, 6939, 6941, 6962, 6977, 7004, 7006, 7015, 7016, 7033, 7059, 7063, 7079, 7088, 7097, 7098, 7109, 7115, 7131, 7132, 7148, 7154, 7179, 7186, 7190, 7191, 7213, 7243, 7246, 7263, 7270, 7273, 7281, 7282, 7299, 7300, 7301, 7307, 7315, 7321, 7322, 7328, 7334, 7338, 7352, 7360, 7370, 7376, 7393, 7398, 7424, 7425, 7429, 7433, 7451, 7490, 7510, 7511, 7512, 7517, 7522, 7536, 7537, 7546, 7556, 7560, 7569, 7610, 7617, 7620, 7628, 7655, 7667, 7671, 7672, 7687, 7689, 7693, 7696, 7713, 7721, 7734, 7738, 7746, 7750, 7763, 7813, 7828, 7852, 7860, 7870, 7884, 7890, 7905, 7920, 7935, 7946, 7970, 7987, 7997, 8014, 8016, 8021, 8026, 8032, 8056, 8060, 8068, 8069, 8077, 8087, 8089, 8093, 8101, 8124, 8130, 8163, 8165, 8176, 8179, 8189, 8221, 8238, 8251, 8266, 8269, 8310, 8337, 8345, 8362, 8381, 8382, 8410, 8429, 8434, 8462, 8467, 8486, 8489, 8504, 8510, 8511, 8520, 8533, 8534, 8545, 8546, 8562, 8564, 8568, 8576, 8578, 8591, 8596, 8599, 8608, 8625, 8647, 8659, 8662, 8675, 8683, 8688, 8692, 8698, 8713, 8716, 8723, 8728, 8732, 8758, 8763, 8772, 8782, 8785, 8788, 8794, 8809, 8821, 8839, 8846, 8887, 8890, 8894, 8899, 8902, 8908, 8924, 8939, 8941, 8943, 8947, 8954, 8960, 8968, 8973, 8989, 9001, 9005, 9014, 9016, 9024, 9029, 9037, 9039, 9045, 9060, 9074, 9088, 9101, 9110, 9112, 9127, 9129, 9143, 9160, 9166, 9167, 9169, 9184, 9189, 9210, 9216, 9222, 9228, 9234, 9235, 9252, 9268, 9271, 9283, 9301, 9308, 9311, 9331, 9352, 9373, 9376, 9380, 9387, 9396, 9426, 9427, 9443, 9447, 9452, 9455, 9456, 9459, 9460, 9470, 9471, 9476, 9477, 9485, 9513, 9522, 9525, 9527, 9528, 9531, 9532, 9543, 9550, 9569, 9571, 9574, 9583, 9584, 9585, 9586, 9592, 9599, 9601, 9602, 9604, 9628, 9634, 9638, 9644, 9666, 9673, 9675, 9678, 9685, 9687, 9697, 9715, 9745, 9749, 9755, 9760, 9766, 9801, 9806, 9816, 9824, 9825, 9833, 9835, 9837, 9843, 9845, 9850, 9869, 9870, 9872, 9883, 9904, 9909, 9931, 9943, 9951, 9954, 9990, 10000, 10007, 10019, 10035, 10036, 10070, 10071, 10072, 10080, 10104, 10116, 10131, 10137, 10174, 10178, 10186, 10209, 10233, 10238, 10244, 10260, 10280, 10281
5,74, 84, 182, 195, 243, 252, 272, 323, 397, 440, 453, 499, 504, 518, 612, 620, 717, 721, 787, 849, 904, 969, 976, 995, 1038, 1049, 1053, 1082, 1098, 1277, 1325, 1340, 1343, 1344, 1390, 1395, 1416, 1481, 1503, 1549, 1560, 1588, 1601, 1617, 1674, 1763, 1806, 1813, 1814, 1823, 1829, 1845, 1861, 1863, 1878, 1887, 1946, 1947, 2015, 2023, 2168, 2182, 2186, 2198, 2199, 2211, 2218, 2270, 2312, 2371, 2373, 2391, 2400, 2492, 2510, 2528, 2570, 2633, 2646, 2647, 2663, 2699, 2730, 2743, 2760, 2814, 2828, 2852, 2868, 2891, 2905, 2970, 3024, 3048, 3125, 3128, 3205, 3207, 3231, 3256, 3317, 3390, 3400, 3419, 3466, 3470, 3496, 3508, 3518, 3525, 3531, 3547, 3553, 3580, 3692, 3730, 3733, 3787, 3833, 3857, 3977, 3981, 4021, 4029, 4094, 4118, 4174, 4373, 4374, 4406, 4447, 4466, 4474, 4480, 4483, 4544, 4568, 4628, 4690, 4742, 4748, 4838, 4888, 4941, 4947, 4969, 5000, 5007, 5038, 5040, 5134, 5140, 5144, 5172, 5293, 5358, 5499, 5501, 5536, 5619, 5645, 5662, 5690, 5701, 5744, 5760, 5774, 6003, 6013, 6036, 6041, 6081, 6114, 6119, 6138, 6147, 6162, 6203, 6204, 6240, 6335, 6347, 6387, 6388, 6436, 6442, 6470, 6471, 6487, 6494, 6512, 6544, 6551, 6665, 6708, 6714, 6793, 6821, 6894, 7031, 7055, 7063, 7094, 7128, 7144, 7146, 7148, 7171, 7207, 7220, 7298, 7301, 7341, 7413, 7429, 7446, 7465, 7524, 7566, 7612, 7656, 7692, 7743, 7770, 7787, 7874, 7970, 8040, 8071, 8104, 8125, 8130, 8132, 8274, 8329, 8351, 8369, 8370, 8380, 8382, 8427, 8489, 8565, 8659, 8683, 8772, 8817, 8888, 8915, 8932, 8967, 9042, 9088, 9155, 9184, 9209, 9226, 9243, 9310, 9383, 9425, 9452, 9455, 9457, 9557, 9560, 9574, 9598, 9604, 9609, 9620, 9725, 9744, 9790, 9819, 9840, 10016, 10018, 10116, 10118, 10207, 10238, 10240
6,99, 117, 155, 195, 252, 298, 378, 453, 498, 502, 546, 606, 612, 624, 627, 633, 726, 739, 752, 755, 806, 895, 958, 971, 1003, 1083, 1146, 1297, 1481, 1549, 1553, 1567, 1575, 1601, 1604, 1623, 1637, 1641, 1662, 1674, 1681, 1794, 1800, 1806, 1829, 1836, 1838, 1877, 1887, 2019, 2030, 2032, 2099, 2134, 2153, 2160, 2211, 2310, 2323, 2448, 2525, 2568, 2633, 2675, 2677, 2695, 2698, 2757, 2760, 2769, 2810, 2814, 2824, 2891, 2905, 2919, 2921, 2941, 2946, 2963, 2984, 3025, 3029, 3046, 3049, 3124, 3225, 3231, 3236, 3244, 3256, 3280, 3325, 3350, 3380, 3439, 3594, 3602, 3683, 3706, 3714, 3777, 3845, 3857, 3858, 3897, 3958, 3981, 4032, 4066, 4094, 4128, 4174, 4175, 4188, 4250, 4285, 4350, 4406, 4431, 4466, 4522, 4544, 4555, 4556, 4579, 4595, 4628, 4674, 4747, 4775, 4900, 4912, 5002, 5016, 5024, 5077, 5118, 5156, 5284, 5304, 5346, 5393, 5427, 5430, 5433, 5464, 5481, 5559, 5690, 5753, 5766, 5773, 5774, 5887, 5898, 5911, 5923, 6174, 6213, 6348, 6423, 6429, 6433, 6440, 6484, 6506, 6518, 6546, 6551, 6569, 6683, 6708, 6769, 6881, 6940, 6952, 6965, 6968, 7011, 7063, 7085, 7138, 7144, 7145, 7146, 7152, 7197, 7209, 7227, 7276, 7292, 7356, 7387, 7388, 7429, 7465, 7550, 7596, 7604, 7612, 7621, 7641, 7642, 7700, 7704, 7726, 7745, 7775, 7798, 7806, 7836, 7841, 8104, 8167, 8239, 8240, 8242, 8259, 8311, 8352, 8375, 8388, 8462, 8477, 8493, 8520, 8531, 8565, 8596, 8625, 8647, 8729, 8773, 9024, 9058, 9088, 9101, 9169, 9190, 9198, 9200, 9226, 9242, 9243, 9452, 9457, 9485, 9510, 9554, 9584, 9601, 9626, 9644, 9728, 9743, 9744, 9773, 9930, 9931, 9966, 10002, 10009, 10018, 10024, 10049, 10072, 10258
7,62, 106, 136, 235, 250, 397, 453, 497, 619, 624, 730, 913, 925, 1079, 1124, 1167, 1252, 1259, 1304, 1377, 1392, 1612, 1744, 1834, 1942, 1956, 2084, 2095, 2176, 2182, 2271, 2436, 2481, 2581, 2757, 2901, 2976, 3094, 3108, 3243, 3244, 3271, 3457, 3608, 3685, 3792, 3845, 3972, 4009, 4069, 4157, 4160, 4190, 4198, 4419, 4603, 4787, 4900, 4921, 5053, 5124, 5203, 5253, 5287, 5312, 5350, 5516, 5572, 5887, 5968, 5974, 6077, 6100, 6462, 6551, 6624, 6708, 6804, 6886, 6899, 6921, 7004, 7146, 7176, 7189, 7312, 7417, 7424, 7440, 7717, 7934, 7967, 7984, 8060, 8154, 8275, 8289, 8579, 8625, 8758, 8942, 9001, 9039, 9047, 9133, 9220, 9470, 9585, 9951, 9985, 10103, 10111
8,83, 161, 224, 306, 370, 546, 581, 646, 753, 755, 789, 892, 1085, 1143, 1178, 1195, 1209, 1267, 1343, 1446, 1617, 1625, 1650, 1665, 1674, 1723, 1822, 1853, 2063, 2176, 2186, 2232, 2500, 2536, 2539, 2587, 2615, 2798, 2868, 2966, 2996, 3003, 3109, 3325, 3466, 3653, 3686, 3728, 3806, 3938, 4198, 4256, 4358, 4447, 4482, 4838, 4923, 4929, 5001, 5125, 5256, 5280, 5353, 5427, 5597, 5607, 5675, 5701, 5998, 6015, 6080, 6083, 6307, 6341, 6383, 6392, 6459, 6575, 6593, 6600, 6864, 6985, 7011, 7055, 7133, 7165, 7201, 7269, 7413, 7555, 7648, 7792, 7793, 7952, 8237, 8274, 8481, 8489, 8673, 8844, 8898, 8926, 8980, 9076, 9097, 9266, 9476, 9657, 9694, 10126, 10177, 10242
9,24, 64, 97, 99, 154, 164, 187, 195, 208, 211, 250, 252, 376, 382, 405, 453, 467, 468, 496, 499, 504, 540, 587, 597, 612, 620, 664, 726, 730, 747, 753, 759, 768, 771, 799, 872, 875, 891, 901, 904, 939, 955, 969, 972, 978, 989, 1022, 1035, 1085, 1098, 1142, 1143, 1177, 1255, 1260, 1265, 1304, 1317, 1340, 1394, 1406, 1420, 1429, 1434, 1451, 1481, 1494, 1528, 1560, 1595, 1601, 1606, 1610, 1633, 1642, 1682, 1684, 1703, 1719, 1722, 1724, 1733, 1737, 1741, 1755, 1769, 1805, 1817, 1820, 1829, 1838, 1843, 1863, 1883, 1891, 1932, 1941, 1963, 1976, 2021, 2032, 2054, 2065, 2108, 2181, 2186, 2188, 2195, 2199, 2225, 2258, 2268, 2273, 2301, 2310, 2330, 2331, 2346, 2353, 2355, 2378, 2381, 2397, 2432, 2441, 2448, 2457, 2489, 2496, 2547, 2549, 2584, 2589, 2605, 2614, 2628, 2649, 2666, 2692, 2693, 2697, 2722, 2746, 2790, 2828, 2890, 2891, 2903, 2946, 2965, 3013, 3048, 3056, 3064, 3101, 3130, 3198, 3209, 3231, 3244, 3256, 3293, 3372, 3386, 3397, 3412, 3432, 3449, 3468, 3477, 3485, 3497, 3524, 3527, 3547, 3574, 3588, 3610, 3621, 3667, 3686, 3807, 3838, 3889, 3893, 3909, 3952, 3963, 3981, 4001, 4002, 4120, 4152, 4154, 4205, 4216, 4257, 4283, 4301, 4341, 4346, 4355, 4364, 4373, 4374, 4385, 4437, 4465, 4474, 4486, 4499, 4531, 4554, 4568, 4574, 4650, 4661, 4695, 4748, 4779, 4784, 4809, 4829, 4846, 4889, 4894, 4941, 4960, 4969, 4973, 5026, 5081, 5086, 5125, 5140, 5144, 5156, 5204, 5250, 5253, 5308, 5481, 5528, 5537, 5541, 5614, 5616, 5618, 5657, 5676, 5677, 5682, 5687, 5690, 5744, 5760, 5774, 5869, 5898, 5998, 6013, 6014, 6021, 6039, 6041, 6080, 6119, 6138, 6149, 6166, 6353, 6369, 6421, 6423, 6428, 6436, 6488, 6490, 6494, 6544, 6551, 6558, 6569, 6594, 6634, 6670, 6689, 6690, 6708, 6709, 6720, 6727, 6746, 6775, 6798, 6821, 6854, 6902, 6904, 6910, 6933, 6948, 7017, 7052, 7055, 7094, 7098, 7131, 7144, 7145, 7183, 7191, 7209, 7227, 7301, 7324, 7329, 7331, 7424, 7445, 7455, 7465, 7476, 7478, 7521, 7523, 7534, 7548, 7576, 7586, 7594, 7596, 7598, 7599, 7612, 7615, 7638, 7694, 7727, 7734, 7769, 7775, 7780, 7805, 7810, 7813, 7825, 7890, 7904, 7953, 7970, 7993, 8001, 8002, 8004, 8008, 8014, 8026, 8039, 8074, 8101, 8104, 8111, 8125, 8132, 8142, 8176, 8229, 8236, 8242, 8247, 8259, 8280, 8285, 8289, 8308, 8337, 8354, 8370, 8398, 8474, 8493, 8531, 8571, 8621, 8683, 8709, 8768, 8769, 8844, 8876, 8882, 8893, 8901, 8909, 8919, 8937, 8948, 9026, 9040, 9097, 9114, 9123, 9150, 9161, 9181, 9200, 9204, 9220, 9258, 9292, 9394, 9425, 9448, 9452, 9457, 9484, 9510, 9534, 9583, 9584, 9591, 9598, 9603, 9609, 9611, 9620, 9650, 9658, 9787, 9796, 9835, 9901, 9924, 9928, 9952, 10000, 10018, 10077, 10081, 10091, 10116, 10119, 10136, 10173, 10226
10,236, 529, 619, 1003, 1004, 1188, 1339, 1578, 1628, 1819, 1862, 2585, 3031, 3234, 3271, 3526, 3691, 4065, 4165, 4882, 5036, 5256, 5669, 5968, 6193, 6995, 7220, 7484, 7582, 7701, 7848, 8260, 8665, 9871
11,48, 55, 57, 76, 87, 102, 139, 165, 177, 208, 216, 218, 221, 250, 268, 291, 293, 305, 320, 321, 322, 330, 340, 341, 354, 360, 376, 387, 389, 443, 471, 474, 484, 497, 540, 543, 552, 578, 587, 591, 599, 618, 627, 632, 652, 664, 670, 697, 700, 728, 742, 749, 752, 767, 769, 863, 867, 905, 911, 913, 915, 919, 952, 972, 997, 1013, 1014, 1017, 1049, 1071, 1074, 1109, 1140, 1169, 1171, 1174, 1186, 1188, 1190, 1195, 1217, 1219, 1268, 1279, 1282, 1286, 1310, 1352, 1386, 1390, 1394, 1406, 1416, 1423, 1424, 1428, 1439, 1448, 1460, 1470, 1497, 1501, 1503, 1519, 1531, 1551, 1567, 1574, 1597, 1598, 1614, 1620, 1633, 1634, 1655, 1659, 1665, 1681, 1682, 1690, 1693, 1694, 1703, 1723, 1726, 1731, 1743, 1770, 1784, 1785, 1788, 1807, 1813, 1821, 1827, 1829, 1834, 1845, 1863, 1868, 1897, 1917, 1918, 1953, 1962, 1983, 1996, 2024, 2030, 2032, 2094, 2099, 2108, 2111, 2114, 2121, 2123, 2130, 2134, 2139, 2151, 2161, 2168, 2193, 2221, 2222, 2239, 2275, 2281, 2286, 2293, 2312, 2318, 2329, 2335, 2341, 2376, 2390, 2402, 2434, 2436, 2458, 2469, 2486, 2496, 2510, 2521, 2524, 2556, 2587, 2593, 2594, 2614, 2618, 2631, 2635, 2654, 2664, 2672, 2693, 2703, 2709, 2711, 2721, 2723, 2747, 2771, 2777, 2779, 2785, 2787, 2788, 2790, 2802, 2806, 2808, 2809, 2822, 2839, 2894, 2929, 2964, 2966, 2973, 2981, 2994, 3002, 3025, 3034, 3065, 3086, 3116, 3130, 3149, 3168, 3185, 3192, 3194, 3203, 3218, 3225, 3226, 3260, 3261, 3273, 3317, 3325, 3335, 3342, 3391, 3393, 3419, 3440, 3443, 3469, 3470, 3476, 3496, 3523, 3526, 3532, 3533, 3539, 3542, 3549, 3560, 3577, 3579, 3601, 3613, 3643, 3661, 3669, 3709, 3714, 3742, 3747, 3753, 3761, 3771, 3776, 3784, 3788, 3816, 3826, 3845, 3847, 3854, 3870, 3882, 3919, 3921, 3937, 3977, 3982, 4002, 4004, 4011, 4019, 4025, 4051, 4104, 4111, 4120, 4147, 4174, 4175, 4188, 4195, 4196, 4202, 4218, 4235, 4241, 4250, 4253, 4255, 4261, 4274, 4303, 4319, 4334, 4340, 4343, 4351, 4355, 4377, 4418, 4433, 4437, 4455, 4497, 4501, 4510, 4516, 4552, 4561, 4564, 4574, 4575, 4576, 4592, 4606, 4609, 4618, 4641, 4651, 4654, 4669, 4670, 4671, 4703, 4738, 4744, 4750, 4755, 4780, 4797, 4798, 4829, 4846, 4856, 4858, 4861, 4925, 4942, 4979, 5002, 5008, 5029, 5038, 5060, 5068, 5071, 5078, 5083, 5099, 5127, 5134, 5166, 5222, 5256, 5278, 5280, 5283, 5287, 5307, 5318, 5333, 5345, 5349, 5353, 5358, 5381, 5387, 5401, 5406, 5414, 5431, 5461, 5464, 5465, 5471, 5496, 5499, 5526, 5533, 5542, 5557, 5558, 5576, 5577, 5580, 5604, 5607, 5614, 5617, 5623, 5644, 5652, 5653, 5658, 5694, 5708, 5716, 5723, 5739, 5744, 5768, 5777, 5788, 5794, 5802, 5809, 5827, 5844, 5852, 5858, 5869, 5887, 5905, 5913, 5944, 5958, 5971, 5972, 5974, 5986, 5998, 6013, 6035, 6047, 6048, 6051, 6079, 6087, 6114, 6126, 6141, 6153, 6155, 6210, 6216, 6227, 6247, 6251, 6263, 6271, 6288, 6289, 6299, 6345, 6359, 6369, 6370, 6372, 6377, 6388, 6394, 6408, 6452, 6461, 6465, 6466, 6484, 6496, 6508, 6516, 6517, 6526, 6542, 6564, 6565, 6584, 6600, 6608, 6635, 6636, 6647, 6663, 6689, 6693, 6709, 6715, 6720, 6750, 6759, 6769, 6812, 6821, 6837, 6843, 6847, 6851, 6863, 6866, 6877, 6883, 6890, 6895, 6924, 6928, 6968, 6982, 7031, 7052, 7060, 7061, 7063, 7069, 7079, 7082, 7085, 7100, 7127, 7131, 7149, 7158, 7171, 7190, 7191, 7207, 7230, 7261, 7291, 7316, 7321, 7331, 7337, 7368, 7370, 7381, 7393, 7417, 7424, 7443, 7482, 7502, 7512, 7550, 7555, 7584, 7598, 7630, 7646, 7650, 7689, 7695, 7711, 7719, 7734, 7745, 7763, 7764, 7810, 7831, 7851, 7868, 7869, 7874, 7893, 7959, 7969, 7990, 8104, 8106, 8124, 8134, 8137, 8139, 8141, 8172, 8179, 8183, 8186, 8196, 8199, 8221, 8237, 8238, 8243, 8263, 8287, 8289, 8291, 8315, 8354, 8355, 8359, 8364, 8367, 8380, 8429, 8434, 8466, 8488, 8497, 8524, 8531, 8533, 8568, 8569, 8570, 8578, 8599, 8625, 8647, 8649, 8662, 8665, 8684, 8698, 8701, 8711, 8731, 8752, 8788, 8793, 8821, 8840, 8843, 8856, 8857, 8879, 8884, 8885, 8890, 8894, 8912, 8921, 8942, 8947, 8960, 8967, 9006, 9010, 9013, 9025, 9027, 9037, 9049, 9060, 9069, 9074, 9076, 9085, 9134, 9176, 9179, 9184, 9198, 9209, 9222, 9228, 9241, 9242, 9254, 9270, 9301, 9306, 9352, 9364, 9368, 9369, 9381, 9385, 9394, 9396, 9398, 9422, 9455, 9461, 9467, 9503, 9534, 9540, 9555, 9559, 9562, 9564, 9585, 9591, 9625, 9634, 9638, 9639, 9642, 9658, 9660, 9666, 9680, 9692, 9698, 9709, 9726, 9733, 9754, 9755, 9780, 9787, 9792, 9833, 9852, 9869, 9871, 9902, 9904, 9931, 9954, 9971, 9972, 10037, 10077, 10097, 10099, 10149, 10173, 10181, 10202, 10216, 10223, 10233, 10257, 10260, 10273
